Workbook

Sheet Petunjuk
A1: Petunjuk Lembar Kerja Astronomi Islam Jilid 1
A2: Lembar kerja ini sama dengan Praktik Excel di buku (Bab 5, 7, 9, 12–14). Sel berlatar kuning dengan angka biru adalah masukan; sel lain berisi rumus. Sheet saling terhubung: koordinat diisi sekali di Kiblat, tanggal sekali di Matahari.
A3: Peta sheet dan hubungannya
A4: Sheet | B4: Bab | C4: Isi | D4: Hubungan | E4: Sumber rumus | F4: Ketelitian
A5: Matahari | B5: Bab 5 | C5: Deklinasi dan perata waktu. Masukan: tanggal B4, jam B5, zona waktu B6. | D5: Dipakai BayanganKiblat dan WaktuSholat. | E5: Algoritma posisi Matahari ketelitian rendah: Meeus (1998, bab 25), juga dipakai kalkulator Matahari NOAA | F5: Deklinasi sekitar 0,01°, perata waktu sekitar 1–2 detik
A6: Kiblat | B6: Bab 7 | C6: Arah kiblat, notasi falak, jarak ke Ka'bah, pelencengan masjid. Masukan: koordinat B4:E5 (derajat, menit, detik, LU/LS/BT/BB), azimut saf B21. | D6: Koordinatnya dipakai semua sheet lain. | E6: Trigonometri bola (lingkaran besar, Bumi dianggap bola): rumus klasik ilmu falak, bentuk modern Khazin (2004) dan Hambali (2011) | F6: Hitungan pasti; selisih model bola dan elipsoid WGS-84 paling besar 0,18° (Bandung 0,13°)
A7: BayanganKiblat | B7: Bab 9 | C7: Jam ketika bayangan tongkat menunjuk kiblat. | D7: Membaca Kiblat, Matahari, dan WaktuSholat; tanpa masukan. | E7: Segitiga bola: saat azimut Matahari sama dengan azimut kiblat (Khazin, 2004) | F7: Seteliti data Matahari, sekitar ±10 detik waktu
A8: WaktuSholat | B8: Bab 12–13 | C8: Waktu salat satu hari. Masukan: tinggi tempat B8, ihtiyat B10, kriteria Subuh/Isya B11–B12, faktor Ashar B13. | D8: Membaca Kiblat dan Matahari; dibaca Jadwal. | E8: Sudut waktu cos t = (sin h − sin φ sin δ)/(cos φ cos δ) dengan kriteria Kemenag | F8: Diuji dengan jadwal Kemenag Kota Bandung: Imsak, Subuh, Dhuha, Ashar, Isya 100% dalam ±1 menit
A9: Jadwal | B9: Bab 14 | C9: Jadwal salat satu bulan. Masukan: tanggal 1 di B11. | D9: Membaca Kiblat dan WaktuSholat. | E9: Sama dengan Matahari dan WaktuSholat, dihitung ulang untuk setiap tanggal | F9: Sama dengan WaktuSholat; Terbit dan Maghrib bergantung pada keadaan ufuk setempat
A10: Alur A. Arah kiblat dan pelencengan masjid
A11: 1. Kiblat: isi lintang dan bujur masjid di B4:E5. Hasil: azimut B15, notasi falak B18, jarak B19.
A12: 2. Bila arah saf sudah diukur (Bab 8, 9, atau 11), isi azimutnya di B21. B22 memberi pelencengan ΔA dan B23 jarak melesetnya dari Ka'bah. Koreksi: putar garis saf sebesar −ΔA.
A13: Alur B. Waktu salat satu hari
A14: 1. Kiblat: isi koordinat tempat (B4:E5).
A15: 2. Matahari: isi tanggal di B4 dan zona waktu di B6 (WIB 7, WITA 8, WIT 9). Jam B5 biarkan 12.
A16: 3. WaktuSholat: atur tinggi tempat, ihtiyat, dan kriteria bila perlu. Jadwal dibaca di kolom G baris 27–34 (Subuh sampai Imsak).
A17: Alur C. Jadwal satu bulan
A18: Selesaikan Alur B, lalu isi tanggal 1 bulan yang diinginkan di Jadwal!B11. Baris 16–46 memuat 31 hari; untuk bulan yang lebih pendek, abaikan baris tanggal bulan berikutnya.
A19: Alur D. Bayangan kiblat harian
A20: Isi koordinat di Kiblat dan tanggal di Matahari!B4. BayanganKiblat!B16 memberi jamnya, B17 cara membaca arah bayangan. Bila tertulis "tidak terjadi", bayangan kiblat tidak terbentuk pada tanggal itu.
A21: Masalah umum
... A27: Kesimpulan: cukup akurat untuk belajar, menyusun jadwal salat, dan menentukan arah kiblat masjid. Rujukan utama: Meeus, J. (1998). Astronomical Algorithms (ed. ke-2). Richmond: Willmann-Bell.

Sheet Matahari
A1: Matahari | B1: Deklinasi dan perata waktu dari tanggal (Bab 5, algoritma Meeus).
A2: Sumber rumus: Algoritma posisi Matahari ketelitian rendah: Meeus (1998, bab 25), juga dipakai kalkulator Matahari NOAA. Ketelitian: Deklinasi sekitar 0,01°, perata waktu sekitar 1–2 detik.
A3: Masukan | B3: Nilai
A4: Tanggal | B4: 46328
A5: Jam lokal (jam desimal) | B5: 12
A6: Zona waktu (UTC+) | B6: 7
A8: Julian Day (JD) | B8: =B4+B5/24-B6/24+2415018.5
A9: T (abad Julian sejak J2000) | B9: =(B8-2451545)/36525
A10: L0 = bujur rata-rata Matahari (°) | B10: =MOD(280.46646+36000.76983*B9+0.0003032*B9^2,360)
A11: M = anomali rata-rata (°) | B11: =357.52911+35999.05029*B9-0.0001537*B9^2
A12: e = eksentrisitas orbit Bumi | B12: =0.016708634-0.000042037*B9
A13: C = persamaan pusat (°) | B13: =SIN(RADIANS(B11))*(1.914602-0.004817*B9)+SIN(RADIANS(2*B11))*(0.019993-0.000101*B9)+0.000289*SIN(RADIANS(3*B11))
A14: Bujur ekliptika sebenarnya (°) | B14: =B10+B13
A15: Ω = bujur simpul Bulan (°) | B15: =125.04-1934.136*B9
A16: λ☉ = bujur ekliptika tampak (°) | B16: =B14-0.00569-0.00478*SIN(RADIANS(B15))
A17: ε = kemiringan ekliptika (°) | B17: =23+(26+(21.448-B9*(46.815+B9*(0.00059-B9*0.001813)))/60)/60+0.00256*COS(RADIANS(B15))
A18: δ = deklinasi Matahari (°) | B18: =DEGREES(ASIN(SIN(RADIANS(B17))*SIN(RADIANS(B16))))
A19: y = tan²(ε/2) | B19: =TAN(RADIANS(B17/2))^2
A20: e = perata waktu (menit) | B20: =4*DEGREES(B19*SIN(2*RADIANS(B10))-2*B12*SIN(RADIANS(B11))+4*B12*B19*SIN(RADIANS(B11))*COS(2*RADIANS(B10))-0.5*B19^2*SIN(4*RADIANS(B10))-1.25*B12^2*SIN(2*RADIANS(B11)))

Sheet Kiblat
A1: Kiblat | B1: Arah kiblat, notasi falak, jarak ke Ka'bah, dan pelencengan arah masjid (Bab 7).
A2: Sumber rumus: Trigonometri bola (lingkaran besar, Bumi dianggap bola): rumus klasik ilmu falak, bentuk modern Khazin (2004) dan Hambali (2011). Ketelitian: Hitungan pasti; selisih model bola dan elipsoid WGS-84 paling besar 0,18° (Bandung 0,13°).
A3: Besaran | B3: Derajat | C3: Menit | D3: Detik | E3: Arah | F3: Desimal (°)
A4: Lintang tempat (φ) | B4: 6 | C4: 55 | D4: 3 | E4: LS | F4: =(B4+C4/60+D4/3600)*IF(OR(E4="LS",E4="BB"),-1,1)
A5: Bujur tempat (λ) | B5: 107 | C5: 37 | D5: 9 | E5: BT | F5: =(B5+C5/60+D5/3600)*IF(OR(E5="LS",E5="BB"),-1,1)
A6: Lintang Ka'bah (φk) | B6: 21 | C6: 25 | D6: 21 | E6: LU | F6: =(B6+C6/60+D6/3600)*IF(OR(E6="LS",E6="BB"),-1,1)
A7: Bujur Ka'bah (λk) | B7: 39 | C7: 49 | D7: 34 | E7: BT | F7: =(B7+C7/60+D7/3600)*IF(OR(E7="LS",E7="BB"),-1,1)
A9: Langkah perhitungan | B9: Nilai
A10: Selisih bujur Δλ = λ − λk (°) | B10: =F5-F7
A11: Suku 1 = tan φk · cos φ / sin Δλ | B11: =TAN(RADIANS(F6))*COS(RADIANS(F4))/SIN(RADIANS(B10))
A12: Suku 2 = sin φ / tan Δλ | B12: =SIN(RADIANS(F4))/TAN(RADIANS(B10))
A13: cot B = suku 1 − suku 2 | B13: =B11-B12
A14: B = arah kiblat dari Utara (°) | B14: =DEGREES(ATAN2(SIGN(B10)*B13,1))
A15: Azimut kiblat (°) | B15: =IF(B10>0,360-B14,B14)
A16: Pemeriksaan dengan ATAN2 (°) | B16: =MOD(DEGREES(ATAN2(COS(RADIANS(F4))*TAN(RADIANS(F6))-SIN(RADIANS(F4))*COS(RADIANS(F7-F5)),SIN(RADIANS(F7-F5)))),360)
A17: Azimut kiblat (derajat-menit-detik) | B17: =INT(B15)&"° "&INT(MOD(B15,1)*60)&"′ "&ROUND(MOD(B15*60,1)*60,0)&"″"
A18: Notasi falak | B18: =IF(B15>=270,"B "&ROUND(B15-270,2)&"° U","B "&ROUND(270-B15,2)&"° S")
A19: Jarak ke Ka'bah (km) | B19: =ACOS(SIN(RADIANS(F4))*SIN(RADIANS(F6))+COS(RADIANS(F4))*COS(RADIANS(F6))*COS(RADIANS(B10)))*6371
A21: Azimut arah saf/mihrab terukur (°) | B21: 292
A22: Pelencengan ΔA = A saf − A kiblat (°) | B22: =B21-B15
A23: Meleset dari Ka'bah (km) | B23: =6371*ASIN(SIN(B19/6371)*SIN(RADIANS(ABS(B22))))

Sheet BayanganKiblat
A1: BayanganKiblat | B1: Jam bayangan kiblat harian (Bab 9).
A2: Sumber rumus: Segitiga bola: saat azimut Matahari sama dengan azimut kiblat (Khazin, 2004). Ketelitian: Seteliti data Matahari, sekitar ±10 detik waktu.
A3: Data | B3: Nilai
A4: Lintang φ (°) | B4: =Kiblat!F4
A5: B = arah kiblat dari Utara (°) | B5: =Kiblat!B14
A6: Deklinasi δ (°) | B6: =Matahari!B18
A7: MP (jam desimal) | B7: =WaktuSholat!B18
A9: b = 90° − φ | B9: =90-B4
A10: a = 90° − δ | B10: =90-B6
A11: P (°) | B11: =DEGREES(ATAN(1/(COS(RADIANS(B9))*TAN(RADIANS(B5)))))
A12: cos(C − P) | B12: =TAN(RADIANS(B9))*COS(RADIANS(B11))/TAN(RADIANS(B10))
A13: C − P (°) | B13: =IF(ABS(B12)>1,"tidak terjadi",DEGREES(ACOS(B12)))
A14: C = sudut waktu Matahari (°) | B14: =IF(ISNUMBER(B13),B13+B11,"—")
A15: Jam bayangan kiblat (desimal) | B15: =IF(ISNUMBER(B14),B7+B14/15,"—")
A16: Jam bayangan kiblat | B16: =IF(ISNUMBER(B15),B15/24,"—")
A17: Cara membaca | B17: =IF(ISNUMBER(B14),IF(B14<0,"Pagi: kiblat dari tongkat ke ujung bayangan","Sore: kiblat dari ujung bayangan ke tongkat"),"—")

Sheet WaktuSholat
A1: WaktuSholat | B1: Waktu salat satu hari (Bab 12 dan 13).
A2: Sumber rumus: Sudut waktu cos t = (sin h − sin φ sin δ)/(cos φ cos δ) dengan kriteria Kemenag. Ketelitian: Diuji dengan jadwal Kemenag Kota Bandung: Imsak, Subuh, Dhuha, Ashar, Isya 100% dalam ±1 menit.
A3: Masukan | B3: Nilai
A4: Lintang φ (°) | B4: =Kiblat!F4
A5: Bujur λ (°) | B5: =Kiblat!F5
A6: Zona waktu (UTC+) | B6: =Matahari!B6
A7: Bujur daerah λd (°) | B7: =B6*15
A8: Tinggi tempat H (m) | B8: 0
A9: Tanggal | B9: =Matahari!B4
A10: Ihtiyat (menit) | B10: 2
A11: Kriteria Subuh (°) | B11: -20
A12: Kriteria Isya (°) | B12: -18
A13: Faktor bayangan Ashar (1 jumhur, 2 Hanafi) | B13: 1
A15: Deklinasi δ (°) | B15: =Matahari!B18
A16: Perata waktu e (menit) | B16: =Matahari!B20
A18: MP = saat kulminasi (jam desimal) | B18: =12-B16/60+(B7-B5)/15
A19: MP (jam:menit:detik) | B19: =B18/24
A20: cos φ · cos δ | B20: =COS(RADIANS(B4))*COS(RADIANS(B15))
A21: sin φ · sin δ | B21: =SIN(RADIANS(B4))*SIN(RADIANS(B15))
A22: h terbenam/terbit (°) | B22: =-(16/60+34/60+1.76*SQRT(B8)/60)
A23: h Ashar (°) | B23: =DEGREES(ATAN(1/(TAN(RADIANS(ABS(B4-B15)))+B13)))
A26: Waktu | B26: Tinggi h (°) | C26: cos t | D26: t (°) | E26: Jam hitung (desimal) | F26: Jam hitung | G26: JADWAL
A27: Subuh | B27: =B11 | C27: =(SIN(RADIANS(B27))-$B$21)/$B$20 | D27: =DEGREES(ACOS(C27)) | E27: =$B$18-D27/15 | F27: =E27/24 | G27: =CEILING((E27+$B$10/60)/24,1/1440)
A28: Terbit | B28: =B22 | C28: =(SIN(RADIANS(B28))-$B$21)/$B$20 | D28: =DEGREES(ACOS(C28)) | E28: =$B$18-D28/15 | F28: =E28/24 | G28: =FLOOR((E28-$B$10/60)/24,1/1440)
A29: Dhuha | B29: 4.5 | C29: =(SIN(RADIANS(B29))-$B$21)/$B$20 | D29: =DEGREES(ACOS(C29)) | E29: =$B$18-D29/15 | F29: =E29/24 | G29: =CEILING((E29+$B$10/60)/24,1/1440)
A30: Zuhur | E30: =$B$18 | F30: =E30/24 | G30: =CEILING((E30+$B$10/60)/24,1/1440)
A31: Ashar | B31: =B23 | C31: =(SIN(RADIANS(B31))-$B$21)/$B$20 | D31: =DEGREES(ACOS(C31)) | E31: =$B$18+D31/15 | F31: =E31/24 | G31: =CEILING((E31+$B$10/60)/24,1/1440)
A32: Maghrib | B32: =B22 | C32: =(SIN(RADIANS(B32))-$B$21)/$B$20 | D32: =DEGREES(ACOS(C32)) | E32: =$B$18+D32/15 | F32: =E32/24 | G32: =CEILING((E32+$B$10/60)/24,1/1440)
A33: Isya | B33: =B12 | C33: =(SIN(RADIANS(B33))-$B$21)/$B$20 | D33: =DEGREES(ACOS(C33)) | E33: =$B$18+D33/15 | F33: =E33/24 | G33: =CEILING((E33+$B$10/60)/24,1/1440)
A34: Imsak | G34: =G27-10/1440

Sheet Jadwal
A1: Jadwal | B1: Jadwal salat satu bulan (Bab 14). Ubah B11 untuk bulan lain.
A2: Sumber rumus: Sama dengan Matahari dan WaktuSholat, dihitung ulang untuk setiap tanggal. Ketelitian: Sama dengan WaktuSholat; Terbit dan Maghrib bergantung pada keadaan ufuk setempat.
A4: Lintang φ (°) | B4: =Kiblat!F4
A5: Bujur λ (°) | B5: =Kiblat!F5
A6: Zona waktu (UTC+) | B6: =Matahari!B6
A7: Tinggi tempat H (m) | B7: =WaktuSholat!B8
A8: Ihtiyat (menit) | B8: =WaktuSholat!B10
A9: Kriteria Subuh (°) | B9: =WaktuSholat!B11
A10: Kriteria Isya (°) | B10: =WaktuSholat!B12
A11: Tanggal awal bulan | B11: 46327
A12: Faktor bayangan Ashar | B12: =WaktuSholat!B13
A13: h terbenam/terbit (°) | B13: =-(16/60+34/60+1.76*SQRT(B7)/60)
A15: Tanggal | B15: JD (12.00 lokal) | C15: T | D15: L0 (°) | E15: M (°) | F15: e orbit | G15: C (°) | H15: λ☉ (°) | I15: ε (°) | J15: δ (°) | K15: Perata waktu (menit) | L15: MP (jam) | M15: sin φ sin δ | N15: cos φ cos δ | O15: h Ashar (°) | P15: Imsak | Q15: Subuh | R15: Terbit | S15: Dhuha | T15: Zuhur | U15: Ashar | V15: Maghrib | W15: Isya
A16: =$B$11+ROW()-16 | B16: =A16+(12-$B$6)/24+2415018.5 | C16: =(B16-2451545)/36525 | D16: =MOD(280.46646+36000.76983*C16+0.0003032*C16^2,360) | E16: =357.52911+35999.05029*C16-0.0001537*C16^2 | F16: =0.016708634-0.000042037*C16 | G16: =SIN(RADIANS(E16))*(1.914602-0.004817*C16)+SIN(RADIANS(2*E16))*(0.019993-0.000101*C16)+0.000289*SIN(RADIANS(3*E16)) | H16: =D16+G16-0.00569-0.00478*SIN(RADIANS(125.04-1934.136*C16)) | I16: =23.4392911-0.0130042*C16+0.00256*COS(RADIANS(125.04-1934.136*C16)) | J16: =DEGREES(ASIN(SIN(RADIANS(I16))*SIN(RADIANS(H16)))) | K16: =4*DEGREES(TAN(RADIANS(I16/2))^2*SIN(2*RADIANS(D16))-2*F16*SIN(RADIANS(E16))+4*F16*TAN(RADIANS(I16/2))^2*SIN(RADIANS(E16))*COS(2*RADIANS(D16))-0.5*TAN(RADIANS(I16/2))^4*SIN(4*RADIANS(D16))-1.25*F16^2*SIN(2*RADIANS(E16))) | L16: =12-K16/60+($B$6*15-$B$5)/15 | M16: =SIN(RADIANS($B$4))*SIN(RADIANS(J16)) | N16: =COS(RADIANS($B$4))*COS(RADIANS(J16)) | O16: =DEGREES(ATAN(1/(TAN(RADIANS(ABS($B$4-J16)))+$B$12))) | P16: =Q16-10/1440 | Q16: =CEILING(($L16-DEGREES(ACOS((SIN(RADIANS($B$9))-$M16)/$N16))/15+$B$8/60)/24,1/1440) | R16: =FLOOR(($L16-DEGREES(ACOS((SIN(RADIANS($B$13))-$M16)/$N16))/15-$B$8/60)/24,1/1440) | S16: =CEILING(($L16-DEGREES(ACOS((SIN(RADIANS(4.5))-$M16)/$N16))/15+$B$8/60)/24,1/1440) | T16: =CEILING(($L16+$B$8/60)/24,1/1440) | U16: =CEILING(($L16+DEGREES(ACOS((SIN(RADIANS($O16))-$M16)/$N16))/15+$B$8/60)/24,1/1440) | V16: =CEILING(($L16+DEGREES(ACOS((SIN(RADIANS($B$13))-$M16)/$N16))/15+$B$8/60)/24,1/1440) | W16: =CEILING(($L16+DEGREES(ACOS((SIN(RADIANS($B$10))-$M16)/$N16))/15+$B$8/60)/24,1/1440)
A17: =$B$11+ROW()-16 | B17: =A17+(12-$B$6)/24+2415018.5 | C17: =(B17-2451545)/36525 | D17: =MOD(280.46646+36000.76983*C17+0.0003032*C17^2,360) | E17: =357.52911+35999.05029*C17-0.0001537*C17^2 | F17: =0.016708634-0.000042037*C17 | G17: =SIN(RADIANS(E17))*(1.914602-0.004817*C17)+SIN(RADIANS(2*E17))*(0.019993-0.000101*C17)+0.000289*SIN(RADIANS(3*E17)) | H17: =D17+G17-0.00569-0.00478*SIN(RADIANS(125.04-1934.136*C17)) | I17: =23.4392911-0.0130042*C17+0.00256*COS(RADIANS(125.04-1934.136*C17)) | J17: =DEGREES(ASIN(SIN(RADIANS(I17))*SIN(RADIANS(H17)))) | K17: =4*DEGREES(TAN(RADIANS(I17/2))^2*SIN(2*RADIANS(D17))-2*F17*SIN(RADIANS(E17))+4*F17*TAN(RADIANS(I17/2))^2*SIN(RADIANS(E17))*COS(2*RADIANS(D17))-0.5*TAN(RADIANS(I17/2))^4*SIN(4*RADIANS(D17))-1.25*F17^2*SIN(2*RADIANS(E17))) | L17: =12-K17/60+($B$6*15-$B$5)/15 | M17: =SIN(RADIANS($B$4))*SIN(RADIANS(J17)) | N17: =COS(RADIANS($B$4))*COS(RADIANS(J17)) | O17: =DEGREES(ATAN(1/(TAN(RADIANS(ABS($B$4-J17)))+$B$12))) | P17: =Q17-10/1440 | Q17: =CEILING(($L17-DEGREES(ACOS((SIN(RADIANS($B$9))-$M17)/$N17))/15+$B$8/60)/24,1/1440) | R17: =FLOOR(($L17-DEGREES(ACOS((SIN(RADIANS($B$13))-$M17)/$N17))/15-$B$8/60)/24,1/1440) | S17: =CEILING(($L17-DEGREES(ACOS((SIN(RADIANS(4.5))-$M17)/$N17))/15+$B$8/60)/24,1/1440) | T17: =CEILING(($L17+$B$8/60)/24,1/1440) | U17: =CEILING(($L17+DEGREES(ACOS((SIN(RADIANS($O17))-$M17)/$N17))/15+$B$8/60)/24,1/1440) | V17: =CEILING(($L17+DEGREES(ACOS((SIN(RADIANS($B$13))-$M17)/$N17))/15+$B$8/60)/24,1/1440) | W17: =CEILING(($L17+DEGREES(ACOS((SIN(RADIANS($B$10))-$M17)/$N17))/15+$B$8/60)/24,1/1440)
A18: =$B$11+ROW()-16 | B18: =A18+(12-$B$6)/24+2415018.5 | C18: =(B18-2451545)/36525 | D18: =MOD(280.46646+36000.76983*C18+0.0003032*C18^2,360) | E18: =357.52911+35999.05029*C18-0.0001537*C18^2 | F18: =0.016708634-0.000042037*C18 | G18: =SIN(RADIANS(E18))*(1.914602-0.004817*C18)+SIN(RADIANS(2*E18))*(0.019993-0.000101*C18)+0.000289*SIN(RADIANS(3*E18)) | H18: =D18+G18-0.00569-0.00478*SIN(RADIANS(125.04-1934.136*C18)) | I18: =23.4392911-0.0130042*C18+0.00256*COS(RADIANS(125.04-1934.136*C18)) | J18: =DEGREES(ASIN(SIN(RADIANS(I18))*SIN(RADIANS(H18)))) | K18: =4*DEGREES(TAN(RADIANS(I18/2))^2*SIN(2*RADIANS(D18))-2*F18*SIN(RADIANS(E18))+4*F18*TAN(RADIANS(I18/2))^2*SIN(RADIANS(E18))*COS(2*RADIANS(D18))-0.5*TAN(RADIANS(I18/2))^4*SIN(4*RADIANS(D18))-1.25*F18^2*SIN(2*RADIANS(E18))) | L18: =12-K18/60+($B$6*15-$B$5)/15 | M18: =SIN(RADIANS($B$4))*SIN(RADIANS(J18)) | N18: =COS(RADIANS($B$4))*COS(RADIANS(J18)) | O18: =DEGREES(ATAN(1/(TAN(RADIANS(ABS($B$4-J18)))+$B$12))) | P18: =Q18-10/1440 | Q18: =CEILING(($L18-DEGREES(ACOS((SIN(RADIANS($B$9))-$M18)/$N18))/15+$B$8/60)/24,1/1440) | R18: =FLOOR(($L18-DEGREES(ACOS((SIN(RADIANS($B$13))-$M18)/$N18))/15-$B$8/60)/24,1/1440) | S18: =CEILING(($L18-DEGREES(ACOS((SIN(RADIANS(4.5))-$M18)/$N18))/15+$B$8/60)/24,1/1440) | T18: =CEILING(($L18+$B$8/60)/24,1/1440) | U18: =CEILING(($L18+DEGREES(ACOS((SIN(RADIANS($O18))-$M18)/$N18))/15+$B$8/60)/24,1/1440) | V18: =CEILING(($L18+DEGREES(ACOS((SIN(RADIANS($B$13))-$M18)/$N18))/15+$B$8/60)/24,1/1440) | W18: =CEILING(($L18+DEGREES(ACOS((SIN(RADIANS($B$10))-$M18)/$N18))/15+$B$8/60)/24,1/1440)
A19: =$B$11+ROW()-16 | B19: =A19+(12-$B$6)/24+2415018.5 | C19: =(B19-2451545)/36525 | D19: =MOD(280.46646+36000.76983*C19+0.0003032*C19^2,360) | E19: =357.52911+35999.05029*C19-0.0001537*C19^2 | F19: =0.016708634-0.000042037*C19 | G19: =SIN(RADIANS(E19))*(1.914602-0.004817*C19)+SIN(RADIANS(2*E19))*(0.019993-0.000101*C19)+0.000289*SIN(RADIANS(3*E19)) | H19: =D19+G19-0.00569-0.00478*SIN(RADIANS(125.04-1934.136*C19)) | I19: =23.4392911-0.0130042*C19+0.00256*COS(RADIANS(125.04-1934.136*C19)) | J19: =DEGREES(ASIN(SIN(RADIANS(I19))*SIN(RADIANS(H19)))) | K19: =4*DEGREES(TAN(RADIANS(I19/2))^2*SIN(2*RADIANS(D19))-2*F19*SIN(RADIANS(E19))+4*F19*TAN(RADIANS(I19/2))^2*SIN(RADIANS(E19))*COS(2*RADIANS(D19))-0.5*TAN(RADIANS(I19/2))^4*SIN(4*RADIANS(D19))-1.25*F19^2*SIN(2*RADIANS(E19))) | L19: =12-K19/60+($B$6*15-$B$5)/15 | M19: =SIN(RADIANS($B$4))*SIN(RADIANS(J19)) | N19: =COS(RADIANS($B$4))*COS(RADIANS(J19)) | O19: =DEGREES(ATAN(1/(TAN(RADIANS(ABS($B$4-J19)))+$B$12))) | P19: =Q19-10/1440 | Q19: =CEILING(($L19-DEGREES(ACOS((SIN(RADIANS($B$9))-$M19)/$N19))/15+$B$8/60)/24,1/1440) | R19: =FLOOR(($L19-DEGREES(ACOS((SIN(RADIANS($B$13))-$M19)/$N19))/15-$B$8/60)/24,1/1440) | S19: =CEILING(($L19-DEGREES(ACOS((SIN(RADIANS(4.5))-$M19)/$N19))/15+$B$8/60)/24,1/1440) | T19: =CEILING(($L19+$B$8/60)/24,1/1440) | U19: =CEILING(($L19+DEGREES(ACOS((SIN(RADIANS($O19))-$M19)/$N19))/15+$B$8/60)/24,1/1440) | V19: =CEILING(($L19+DEGREES(ACOS((SIN(RADIANS($B$13))-$M19)/$N19))/15+$B$8/60)/24,1/1440) | W19: =CEILING(($L19+DEGREES(ACOS((SIN(RADIANS($B$10))-$M19)/$N19))/15+$B$8/60)/24,1/1440)
A20: =$B$11+ROW()-16 | B20: =A20+(12-$B$6)/24+2415018.5 | C20: =(B20-2451545)/36525 | D20: =MOD(280.46646+36000.76983*C20+0.0003032*C20^2,360) | E20: =357.52911+35999.05029*C20-0.0001537*C20^2 | F20: =0.016708634-0.000042037*C20 | G20: =SIN(RADIANS(E20))*(1.914602-0.004817*C20)+SIN(RADIANS(2*E20))*(0.019993-0.000101*C20)+0.000289*SIN(RADIANS(3*E20)) | H20: =D20+G20-0.00569-0.00478*SIN(RADIANS(125.04-1934.136*C20)) | I20: =23.4392911-0.0130042*C20+0.00256*COS(RADIANS(125.04-1934.136*C20)) | J20: =DEGREES(ASIN(SIN(RADIANS(I20))*SIN(RADIANS(H20)))) | K20: =4*DEGREES(TAN(RADIANS(I20/2))^2*SIN(2*RADIANS(D20))-2*F20*SIN(RADIANS(E20))+4*F20*TAN(RADIANS(I20/2))^2*SIN(RADIANS(E20))*COS(2*RADIANS(D20))-0.5*TAN(RADIANS(I20/2))^4*SIN(4*RADIANS(D20))-1.25*F20^2*SIN(2*RADIANS(E20))) | L20: =12-K20/60+($B$6*15-$B$5)/15 | M20: =SIN(RADIANS($B$4))*SIN(RADIANS(J20)) | N20: =COS(RADIANS($B$4))*COS(RADIANS(J20)) | O20: =DEGREES(ATAN(1/(TAN(RADIANS(ABS($B$4-J20)))+$B$12))) | P20: =Q20-10/1440 | Q20: =CEILING(($L20-DEGREES(ACOS((SIN(RADIANS($B$9))-$M20)/$N20))/15+$B$8/60)/24,1/1440) | R20: =FLOOR(($L20-DEGREES(ACOS((SIN(RADIANS($B$13))-$M20)/$N20))/15-$B$8/60)/24,1/1440) | S20: =CEILING(($L20-DEGREES(ACOS((SIN(RADIANS(4.5))-$M20)/$N20))/15+$B$8/60)/24,1/1440) | T20: =CEILING(($L20+$B$8/60)/24,1/1440) | U20: =CEILING(($L20+DEGREES(ACOS((SIN(RADIANS($O20))-$M20)/$N20))/15+$B$8/60)/24,1/1440) | V20: =CEILING(($L20+DEGREES(ACOS((SIN(RADIANS($B$13))-$M20)/$N20))/15+$B$8/60)/24,1/1440) | W20: =CEILING(($L20+DEGREES(ACOS((SIN(RADIANS($B$10))-$M20)/$N20))/15+$B$8/60)/24,1/1440)
A21: =$B$11+ROW()-16 | B21: =A21+(12-$B$6)/24+2415018.5 | C21: =(B21-2451545)/36525 | D21: =MOD(280.46646+36000.76983*C21+0.0003032*C21^2,360) | E21: =357.52911+35999.05029*C21-0.0001537*C21^2 | F21: =0.016708634-0.000042037*C21 | G21: =SIN(RADIANS(E21))*(1.914602-0.004817*C21)+SIN(RADIANS(2*E21))*(0.019993-0.000101*C21)+0.000289*SIN(RADIANS(3*E21)) | H21: =D21+G21-0.00569-0.00478*SIN(RADIANS(125.04-1934.136*C21)) | I21: =23.4392911-0.0130042*C21+0.00256*COS(RADIANS(125.04-1934.136*C21)) | J21: =DEGREES(ASIN(SIN(RADIANS(I21))*SIN(RADIANS(H21)))) | K21: =4*DEGREES(TAN(RADIANS(I21/2))^2*SIN(2*RADIANS(D21))-2*F21*SIN(RADIANS(E21))+4*F21*TAN(RADIANS(I21/2))^2*SIN(RADIANS(E21))*COS(2*RADIANS(D21))-0.5*TAN(RADIANS(I21/2))^4*SIN(4*RADIANS(D21))-1.25*F21^2*SIN(2*RADIANS(E21))) | L21: =12-K21/60+($B$6*15-$B$5)/15 | M21: =SIN(RADIANS($B$4))*SIN(RADIANS(J21)) | N21: =COS(RADIANS($B$4))*COS(RADIANS(J21)) | O21: =DEGREES(ATAN(1/(TAN(RADIANS(ABS($B$4-J21)))+$B$12))) | P21: =Q21-10/1440 | Q21: =CEILING(($L21-DEGREES(ACOS((SIN(RADIANS($B$9))-$M21)/$N21))/15+$B$8/60)/24,1/1440) | R21: =FLOOR(($L21-DEGREES(ACOS((SIN(RADIANS($B$13))-$M21)/$N21))/15-$B$8/60)/24,1/1440) | S21: =CEILING(($L21-DEGREES(ACOS((SIN(RADIANS(4.5))-$M21)/$N21))/15+$B$8/60)/24,1/1440) | T21: =CEILING(($L21+$B$8/60)/24,1/1440) | U21: =CEILING(($L21+DEGREES(ACOS((SIN(RADIANS($O21))-$M21)/$N21))/15+$B$8/60)/24,1/1440) | V21: =CEILING(($L21+DEGREES(ACOS((SIN(RADIANS($B$13))-$M21)/$N21))/15+$B$8/60)/24,1/1440) | W21: =CEILING(($L21+DEGREES(ACOS((SIN(RADIANS($B$10))-$M21)/$N21))/15+$B$8/60)/24,1/1440)
A22: =$B$11+ROW()-16 | B22: =A22+(12-$B$6)/24+2415018.5 | C22: =(B22-2451545)/36525 | D22: =MOD(280.46646+36000.76983*C22+0.0003032*C22^2,360) | E22: =357.52911+35999.05029*C22-0.0001537*C22^2 | F22: =0.016708634-0.000042037*C22 | G22: =SIN(RADIANS(E22))*(1.914602-0.004817*C22)+SIN(RADIANS(2*E22))*(0.019993-0.000101*C22)+0.000289*SIN(RADIANS(3*E22)) | H22: =D22+G22-0.00569-0.00478*SIN(RADIANS(125.04-1934.136*C22)) | I22: =23.4392911-0.0130042*C22+0.00256*COS(RADIANS(125.04-1934.136*C22)) | J22: =DEGREES(ASIN(SIN(RADIANS(I22))*SIN(RADIANS(H22)))) | K22: =4*DEGREES(TAN(RADIANS(I22/2))^2*SIN(2*RADIANS(D22))-2*F22*SIN(RADIANS(E22))+4*F22*TAN(RADIANS(I22/2))^2*SIN(RADIANS(E22))*COS(2*RADIANS(D22))-0.5*TAN(RADIANS(I22/2))^4*SIN(4*RADIANS(D22))-1.25*F22^2*SIN(2*RADIANS(E22))) | L22: =12-K22/60+($B$6*15-$B$5)/15 | M22: =SIN(RADIANS($B$4))*SIN(RADIANS(J22)) | N22: =COS(RADIANS($B$4))*COS(RADIANS(J22)) | O22: =DEGREES(ATAN(1/(TAN(RADIANS(ABS($B$4-J22)))+$B$12))) | P22: =Q22-10/1440 | Q22: =CEILING(($L22-DEGREES(ACOS((SIN(RADIANS($B$9))-$M22)/$N22))/15+$B$8/60)/24,1/1440) | R22: =FLOOR(($L22-DEGREES(ACOS((SIN(RADIANS($B$13))-$M22)/$N22))/15-$B$8/60)/24,1/1440) | S22: =CEILING(($L22-DEGREES(ACOS((SIN(RADIANS(4.5))-$M22)/$N22))/15+$B$8/60)/24,1/1440) | T22: =CEILING(($L22+$B$8/60)/24,1/1440) | U22: =CEILING(($L22+DEGREES(ACOS((SIN(RADIANS($O22))-$M22)/$N22))/15+$B$8/60)/24,1/1440) | V22: =CEILING(($L22+DEGREES(ACOS((SIN(RADIANS($B$13))-$M22)/$N22))/15+$B$8/60)/24,1/1440) | W22: =CEILING(($L22+DEGREES(ACOS((SIN(RADIANS($B$10))-$M22)/$N22))/15+$B$8/60)/24,1/1440)
A23: =$B$11+ROW()-16 | B23: =A23+(12-$B$6)/24+2415018.5 | C23: =(B23-2451545)/36525 | D23: =MOD(280.46646+36000.76983*C23+0.0003032*C23^2,360) | E23: =357.52911+35999.05029*C23-0.0001537*C23^2 | F23: =0.016708634-0.000042037*C23 | G23: =SIN(RADIANS(E23))*(1.914602-0.004817*C23)+SIN(RADIANS(2*E23))*(0.019993-0.000101*C23)+0.000289*SIN(RADIANS(3*E23)) | H23: =D23+G23-0.00569-0.00478*SIN(RADIANS(125.04-1934.136*C23)) | I23: =23.4392911-0.0130042*C23+0.00256*COS(RADIANS(125.04-1934.136*C23)) | J23: =DEGREES(ASIN(SIN(RADIANS(I23))*SIN(RADIANS(H23)))) | K23: =4*DEGREES(TAN(RADIANS(I23/2))^2*SIN(2*RADIANS(D23))-2*F23*SIN(RADIANS(E23))+4*F23*TAN(RADIANS(I23/2))^2*SIN(RADIANS(E23))*COS(2*RADIANS(D23))-0.5*TAN(RADIANS(I23/2))^4*SIN(4*RADIANS(D23))-1.25*F23^2*SIN(2*RADIANS(E23))) | L23: =12-K23/60+($B$6*15-$B$5)/15 | M23: =SIN(RADIANS($B$4))*SIN(RADIANS(J23)) | N23: =COS(RADIANS($B$4))*COS(RADIANS(J23)) | O23: =DEGREES(ATAN(1/(TAN(RADIANS(ABS($B$4-J23)))+$B$12))) | P23: =Q23-10/1440 | Q23: =CEILING(($L23-DEGREES(ACOS((SIN(RADIANS($B$9))-$M23)/$N23))/15+$B$8/60)/24,1/1440) | R23: =FLOOR(($L23-DEGREES(ACOS((SIN(RADIANS($B$13))-$M23)/$N23))/15-$B$8/60)/24,1/1440) | S23: =CEILING(($L23-DEGREES(ACOS((SIN(RADIANS(4.5))-$M23)/$N23))/15+$B$8/60)/24,1/1440) | T23: =CEILING(($L23+$B$8/60)/24,1/1440) | U23: =CEILING(($L23+DEGREES(ACOS((SIN(RADIANS($O23))-$M23)/$N23))/15+$B$8/60)/24,1/1440) | V23: =CEILING(($L23+DEGREES(ACOS((SIN(RADIANS($B$13))-$M23)/$N23))/15+$B$8/60)/24,1/1440) | W23: =CEILING(($L23+DEGREES(ACOS((SIN(RADIANS($B$10))-$M23)/$N23))/15+$B$8/60)/24,1/1440)
A24: =$B$11+ROW()-16 | B24: =A24+(12-$B$6)/24+2415018.5 | C24: =(B24-2451545)/36525 | D24: =MOD(280.46646+36000.76983*C24+0.0003032*C24^2,360) | E24: =357.52911+35999.05029*C24-0.0001537*C24^2 | F24: =0.016708634-0.000042037*C24 | G24: =SIN(RADIANS(E24))*(1.914602-0.004817*C24)+SIN(RADIANS(2*E24))*(0.019993-0.000101*C24)+0.000289*SIN(RADIANS(3*E24)) | H24: =D24+G24-0.00569-0.00478*SIN(RADIANS(125.04-1934.136*C24)) | I24: =23.4392911-0.0130042*C24+0.00256*COS(RADIANS(125.04-1934.136*C24)) | J24: =DEGREES(ASIN(SIN(RADIANS(I24))*SIN(RADIANS(H24)))) | K24: =4*DEGREES(TAN(RADIANS(I24/2))^2*SIN(2*RADIANS(D24))-2*F24*SIN(RADIANS(E24))+4*F24*TAN(RADIANS(I24/2))^2*SIN(RADIANS(E24))*COS(2*RADIANS(D24))-0.5*TAN(RADIANS(I24/2))^4*SIN(4*RADIANS(D24))-1.25*F24^2*SIN(2*RADIANS(E24))) | L24: =12-K24/60+($B$6*15-$B$5)/15 | M24: =SIN(RADIANS($B$4))*SIN(RADIANS(J24)) | N24: =COS(RADIANS($B$4))*COS(RADIANS(J24)) | O24: =DEGREES(ATAN(1/(TAN(RADIANS(ABS($B$4-J24)))+$B$12))) | P24: =Q24-10/1440 | Q24: =CEILING(($L24-DEGREES(ACOS((SIN(RADIANS($B$9))-$M24)/$N24))/15+$B$8/60)/24,1/1440) | R24: =FLOOR(($L24-DEGREES(ACOS((SIN(RADIANS($B$13))-$M24)/$N24))/15-$B$8/60)/24,1/1440) | S24: =CEILING(($L24-DEGREES(ACOS((SIN(RADIANS(4.5))-$M24)/$N24))/15+$B$8/60)/24,1/1440) | T24: =CEILING(($L24+$B$8/60)/24,1/1440) | U24: =CEILING(($L24+DEGREES(ACOS((SIN(RADIANS($O24))-$M24)/$N24))/15+$B$8/60)/24,1/1440) | V24: =CEILING(($L24+DEGREES(ACOS((SIN(RADIANS($B$13))-$M24)/$N24))/15+$B$8/60)/24,1/1440) | W24: =CEILING(($L24+DEGREES(ACOS((SIN(RADIANS($B$10))-$M24)/$N24))/15+$B$8/60)/24,1/1440)
A25: =$B$11+ROW()-16 | B25: =A25+(12-$B$6)/24+2415018.5 | C25: =(B25-2451545)/36525 | D25: =MOD(280.46646+36000.76983*C25+0.0003032*C25^2,360) | E25: =357.52911+35999.05029*C25-0.0001537*C25^2 | F25: =0.016708634-0.000042037*C25 | G25: =SIN(RADIANS(E25))*(1.914602-0.004817*C25)+SIN(RADIANS(2*E25))*(0.019993-0.000101*C25)+0.000289*SIN(RADIANS(3*E25)) | H25: =D25+G25-0.00569-0.00478*SIN(RADIANS(125.04-1934.136*C25)) | I25: =23.4392911-0.0130042*C25+0.00256*COS(RADIANS(125.04-1934.136*C25)) | J25: =DEGREES(ASIN(SIN(RADIANS(I25))*SIN(RADIANS(H25)))) | K25: =4*DEGREES(TAN(RADIANS(I25/2))^2*SIN(2*RADIANS(D25))-2*F25*SIN(RADIANS(E25))+4*F25*TAN(RADIANS(I25/2))^2*SIN(RADIANS(E25))*COS(2*RADIANS(D25))-0.5*TAN(RADIANS(I25/2))^4*SIN(4*RADIANS(D25))-1.25*F25^2*SIN(2*RADIANS(E25))) | L25: =12-K25/60+($B$6*15-$B$5)/15 | M25: =SIN(RADIANS($B$4))*SIN(RADIANS(J25)) | N25: =COS(RADIANS($B$4))*COS(RADIANS(J25)) | O25: =DEGREES(ATAN(1/(TAN(RADIANS(ABS($B$4-J25)))+$B$12))) | P25: =Q25-10/1440 | Q25: =CEILING(($L25-DEGREES(ACOS((SIN(RADIANS($B$9))-$M25)/$N25))/15+$B$8/60)/24,1/1440) | R25: =FLOOR(($L25-DEGREES(ACOS((SIN(RADIANS($B$13))-$M25)/$N25))/15-$B$8/60)/24,1/1440) | S25: =CEILING(($L25-DEGREES(ACOS((SIN(RADIANS(4.5))-$M25)/$N25))/15+$B$8/60)/24,1/1440) | T25: =CEILING(($L25+$B$8/60)/24,1/1440) | U25: =CEILING(($L25+DEGREES(ACOS((SIN(RADIANS($O25))-$M25)/$N25))/15+$B$8/60)/24,1/1440) | V25: =CEILING(($L25+DEGREES(ACOS((SIN(RADIANS($B$13))-$M25)/$N25))/15+$B$8/60)/24,1/1440) | W25: =CEILING(($L25+DEGREES(ACOS((SIN(RADIANS($B$10))-$M25)/$N25))/15+$B$8/60)/24,1/1440)
A26: =$B$11+ROW()-16 | B26: =A26+(12-$B$6)/24+2415018.5 | C26: =(B26-2451545)/36525 | D26: =MOD(280.46646+36000.76983*C26+0.0003032*C26^2,360) | E26: =357.52911+35999.05029*C26-0.0001537*C26^2 | F26: =0.016708634-0.000042037*C26 | G26: =SIN(RADIANS(E26))*(1.914602-0.004817*C26)+SIN(RADIANS(2*E26))*(0.019993-0.000101*C26)+0.000289*SIN(RADIANS(3*E26)) | H26: =D26+G26-0.00569-0.00478*SIN(RADIANS(125.04-1934.136*C26)) | I26: =23.4392911-0.0130042*C26+0.00256*COS(RADIANS(125.04-1934.136*C26)) | J26: =DEGREES(ASIN(SIN(RADIANS(I26))*SIN(RADIANS(H26)))) | K26: =4*DEGREES(TAN(RADIANS(I26/2))^2*SIN(2*RADIANS(D26))-2*F26*SIN(RADIANS(E26))+4*F26*TAN(RADIANS(I26/2))^2*SIN(RADIANS(E26))*COS(2*RADIANS(D26))-0.5*TAN(RADIANS(I26/2))^4*SIN(4*RADIANS(D26))-1.25*F26^2*SIN(2*RADIANS(E26))) | L26: =12-K26/60+($B$6*15-$B$5)/15 | M26: =SIN(RADIANS($B$4))*SIN(RADIANS(J26)) | N26: =COS(RADIANS($B$4))*COS(RADIANS(J26)) | O26: =DEGREES(ATAN(1/(TAN(RADIANS(ABS($B$4-J26)))+$B$12))) | P26: =Q26-10/1440 | Q26: =CEILING(($L26-DEGREES(ACOS((SIN(RADIANS($B$9))-$M26)/$N26))/15+$B$8/60)/24,1/1440) | R26: =FLOOR(($L26-DEGREES(ACOS((SIN(RADIANS($B$13))-$M26)/$N26))/15-$B$8/60)/24,1/1440) | S26: =CEILING(($L26-DEGREES(ACOS((SIN(RADIANS(4.5))-$M26)/$N26))/15+$B$8/60)/24,1/1440) | T26: =CEILING(($L26+$B$8/60)/24,1/1440) | U26: =CEILING(($L26+DEGREES(ACOS((SIN(RADIANS($O26))-$M26)/$N26))/15+$B$8/60)/24,1/1440) | V26: =CEILING(($L26+DEGREES(ACOS((SIN(RADIANS($B$13))-$M26)/$N26))/15+$B$8/60)/24,1/1440) | W26: =CEILING(($L26+DEGREES(ACOS((SIN(RADIANS($B$10))-$M26)/$N26))/15+$B$8/60)/24,1/1440)
A27: =$B$11+ROW()-16 | B27: =A27+(12-$B$6)/24+2415018.5 | C27: =(B27-2451545)/36525 | D27: =MOD(280.46646+36000.76983*C27+0.0003032*C27^2,360) | E27: =357.52911+35999.05029*C27-0.0001537*C27^2 | F27: =0.016708634-0.000042037*C27 | G27: =SIN(RADIANS(E27))*(1.914602-0.004817*C27)+SIN(RADIANS(2*E27))*(0.019993-0.000101*C27)+0.000289*SIN(RADIANS(3*E27)) | H27: =D27+G27-0.00569-0.00478*SIN(RADIANS(125.04-1934.136*C27)) | I27: =23.4392911-0.0130042*C27+0.00256*COS(RADIANS(125.04-1934.136*C27)) | J27: =DEGREES(ASIN(SIN(RADIANS(I27))*SIN(RADIANS(H27)))) | K27: =4*DEGREES(TAN(RADIANS(I27/2))^2*SIN(2*RADIANS(D27))-2*F27*SIN(RADIANS(E27))+4*F27*TAN(RADIANS(I27/2))^2*SIN(RADIANS(E27))*COS(2*RADIANS(D27))-0.5*TAN(RADIANS(I27/2))^4*SIN(4*RADIANS(D27))-1.25*F27^2*SIN(2*RADIANS(E27))) | L27: =12-K27/60+($B$6*15-$B$5)/15 | M27: =SIN(RADIANS($B$4))*SIN(RADIANS(J27)) | N27: =COS(RADIANS($B$4))*COS(RADIANS(J27)) | O27: =DEGREES(ATAN(1/(TAN(RADIANS(ABS($B$4-J27)))+$B$12))) | P27: =Q27-10/1440 | Q27: =CEILING(($L27-DEGREES(ACOS((SIN(RADIANS($B$9))-$M27)/$N27))/15+$B$8/60)/24,1/1440) | R27: =FLOOR(($L27-DEGREES(ACOS((SIN(RADIANS($B$13))-$M27)/$N27))/15-$B$8/60)/24,1/1440) | S27: =CEILING(($L27-DEGREES(ACOS((SIN(RADIANS(4.5))-$M27)/$N27))/15+$B$8/60)/24,1/1440) | T27: =CEILING(($L27+$B$8/60)/24,1/1440) | U27: =CEILING(($L27+DEGREES(ACOS((SIN(RADIANS($O27))-$M27)/$N27))/15+$B$8/60)/24,1/1440) | V27: =CEILING(($L27+DEGREES(ACOS((SIN(RADIANS($B$13))-$M27)/$N27))/15+$B$8/60)/24,1/1440) | W27: =CEILING(($L27+DEGREES(ACOS((SIN(RADIANS($B$10))-$M27)/$N27))/15+$B$8/60)/24,1/1440)
... A46: =$B$11+ROW()-16 | B46: =A46+(12-$B$6)/24+2415018.5 | C46: =(B46-2451545)/36525 | D46: =MOD(280.46646+36000.76983*C46+0.0003032*C46^2,360) | E46: =357.52911+35999.05029*C46-0.0001537*C46^2 | F46: =0.016708634-0.000042037*C46 | G46: =SIN(RADIANS(E46))*(1.914602-0.004817*C46)+SIN(RADIANS(2*E46))*(0.019993-0.000101*C46)+0.000289*SIN(RADIANS(3*E46)) | H46: =D46+G46-0.00569-0.00478*SIN(RADIANS(125.04-1934.136*C46)) | I46: =23.4392911-0.0130042*C46+0.00256*COS(RADIANS(125.04-1934.136*C46)) | J46: =DEGREES(ASIN(SIN(RADIANS(I46))*SIN(RADIANS(H46)))) | K46: =4*DEGREES(TAN(RADIANS(I46/2))^2*SIN(2*RADIANS(D46))-2*F46*SIN(RADIANS(E46))+4*F46*TAN(RADIANS(I46/2))^2*SIN(RADIANS(E46))*COS(2*RADIANS(D46))-0.5*TAN(RADIANS(I46/2))^4*SIN(4*RADIANS(D46))-1.25*F46^2*SIN(2*RADIANS(E46))) | L46: =12-K46/60+($B$6*15-$B$5)/15 | M46: =SIN(RADIANS($B$4))*SIN(RADIANS(J46)) | N46: =COS(RADIANS($B$4))*COS(RADIANS(J46)) | O46: =DEGREES(ATAN(1/(TAN(RADIANS(ABS($B$4-J46)))+$B$12))) | P46: =Q46-10/1440 | Q46: =CEILING(($L46-DEGREES(ACOS((SIN(RADIANS($B$9))-$M46)/$N46))/15+$B$8/60)/24,1/1440) | R46: =FLOOR(($L46-DEGREES(ACOS((SIN(RADIANS($B$13))-$M46)/$N46))/15-$B$8/60)/24,1/1440) | S46: =CEILING(($L46-DEGREES(ACOS((SIN(RADIANS(4.5))-$M46)/$N46))/15+$B$8/60)/24,1/1440) | T46: =CEILING(($L46+$B$8/60)/24,1/1440) | U46: =CEILING(($L46+DEGREES(ACOS((SIN(RADIANS($O46))-$M46)/$N46))/15+$B$8/60)/24,1/1440) | V46: =CEILING(($L46+DEGREES(ACOS((SIN(RADIANS($B$13))-$M46)/$N46))/15+$B$8/60)/24,1/1440) | W46: =CEILING(($L46+DEGREES(ACOS((SIN(RADIANS($B$10))-$M46)/$N46))/15+$B$8/60)/24,1/1440)
